session_timestamp,participant_id,task,technique,hand_location,condition_label,condition_index,condition_total,condition_order,condition_sequence_index,condition_sequence_total,tool_id,trial_index_global,trial_index_in_task,trial_result,timed_out,success,completion_time_s,translation_error_cm,rotation_error_deg,scaling_error_pct,time_to_first_within_tol_s,eligible_breaks,error_recovery_time_s,micro_axis_active_duration_s,micro_axis_integral,macro_path_length_m,phone_path_length_m,mode_switch_count
2026-08-24_11-00-45,P02,Placement,Macro,SideOfBody,Macro - Side Of Body,1,4,1:Macro Side[Macro-Side] > 2:Macro Near[Macro-Near] > 3:Micro Near[Micro-Near] > 4:Micro Side[Micro-Side],2,4,FireExtinguisher,1,2,success,0,1,27.33783,7.684621,,,21.53445,1,0.15402,,,6.573292,4.486865,0
2026-08-24_11-00-45,P02,Placement,Macro,SideOfBody,Macro - Side Of Body,1,4,1:Macro Side[Macro-Side] > 2:Macro Near[Macro-Near] > 3:Micro Near[Micro-Near] > 4:Micro Side[Micro-Side],2,4,Wrench,2,3,success,0,1,44.31953,5.128105,,,41.05457,0,0,,,9.052481,6.190396,0
2026-08-24_11-00-45,P02,Placement,Macro,SideOfBody,Macro - Side Of Body,1,4,1:Macro Side[Macro-Side] > 2:Macro Near[Macro-Near] > 3:Micro Near[Micro-Near] > 4:Micro Side[Micro-Side],2,4,Tape,3,4,success,0,1,24.3996,7.079171,,,15.90067,3,3.440874,,,4.931475,3.370509,0
2026-08-24_11-00-45,P02,Rotation,Macro,SideOfBody,Macro - Side Of Body,1,4,1:Macro Side[Macro-Side] > 2:Macro Near[Macro-Near] > 3:Micro Near[Micro-Near] > 4:Micro Side[Micro-Side],2,4,FireExtinguisher,4,2,success,0,1,63.03854,,25.3857,,23.63446,2,35.73711,,,10.15369,7.030208,0
2026-08-24_11-00-45,P02,Rotation,Macro,SideOfBody,Macro - Side Of Body,1,4,1:Macro Side[Macro-Side] > 2:Macro Near[Macro-Near] > 3:Micro Near[Micro-Near] > 4:Micro Side[Micro-Side],2,4,Wrench,5,3,success,0,1,42.66544,,36.84187,,,0,,,,4.619343,3.201761,0
2026-08-24_11-00-45,P02,Rotation,Macro,SideOfBody,Macro - Side Of Body,1,4,1:Macro Side[Macro-Side] > 2:Macro Near[Macro-Near] > 3:Micro Near[Micro-Near] > 4:Micro Side[Micro-Side],2,4,Tape,6,4,success,0,1,14.16583,,23.90648,,,0,,,,1.437758,0.997322,0
2026-08-24_11-00-45,P02,Scaling,Macro,SideOfBody,Macro - Side Of Body,1,4,1:Macro Side[Macro-Side] > 2:Macro Near[Macro-Near] > 3:Micro Near[Micro-Near] > 4:Micro Side[Micro-Side],2,4,FireExtinguisher,7,2,success,0,1,16.16779,,,1.994902,12.63397,1,2.197409,,,4.457963,3.006862,0
2026-08-24_11-00-45,P02,Scaling,Macro,SideOfBody,Macro - Side Of Body,1,4,1:Macro Side[Macro-Side] > 2:Macro Near[Macro-Near] > 3:Micro Near[Micro-Near] > 4:Micro Side[Micro-Side],2,4,Wrench,8,3,success,0,1,12.43427,,,12.61305,9.199036,1,1.501953,,,1.801854,1.222833,0
2026-08-24_11-00-45,P02,Scaling,Macro,SideOfBody,Macro - Side Of Body,1,4,1:Macro Side[Macro-Side] > 2:Macro Near[Macro-Near] > 3:Micro Near[Micro-Near] > 4:Micro Side[Micro-Side],2,4,Tape,9,4,success,0,1,18.37,,,4.867208,7.034363,2,6.13679,,,2.473046,1.688881,0
2026-08-24_11-00-45,P02,Placement,Macro,NearHead,Macro - Near Head,2,4,1:Macro Side[Macro-Side] > 2:Macro Near[Macro-Near] > 3:Micro Near[Micro-Near] > 4:Micro Side[Micro-Side],2,4,FireExtinguisher,10,2,success,0,1,17.52966,1.86014,,,14.52881,1,0.065999,,,4.872872,3.242042,0
2026-08-24_11-00-45,P02,Placement,Macro,NearHead,Macro - Near Head,2,4,1:Macro Side[Macro-Side] > 2:Macro Near[Macro-Near] > 3:Micro Near[Micro-Near] > 4:Micro Side[Micro-Side],2,4,Wrench,11,3,success,0,1,13.30066,4.84058,,,9.367554,1,0.268073,,,4.148091,2.827781,0
2026-08-24_11-00-45,P02,Placement,Macro,NearHead,Macro - Near Head,2,4,1:Macro Side[Macro-Side] > 2:Macro Near[Macro-Near] > 3:Micro Near[Micro-Near] > 4:Micro Side[Micro-Side],2,4,Tape,12,4,success,0,1,11.03345,7.586838,,,7.101929,0,0,,,3.400825,2.304546,0
2026-08-24_11-00-45,P02,Rotation,Macro,NearHead,Macro - Near Head,2,4,1:Macro Side[Macro-Side] > 2:Macro Near[Macro-Near] > 3:Micro Near[Micro-Near] > 4:Micro Side[Micro-Side],2,4,FireExtinguisher,13,2,success,0,1,9.164795,,12.13623,,5.165039,0,0,,,2.035359,1.36908,0
2026-08-24_11-00-45,P02,Rotation,Macro,NearHead,Macro - Near Head,2,4,1:Macro Side[Macro-Side] > 2:Macro Near[Macro-Near] > 3:Micro Near[Micro-Near] > 4:Micro Side[Micro-Side],2,4,Wrench,14,3,success,0,1,8.995239,,30.07918,,,0,,,,2.180036,1.541759,0
2026-08-24_11-00-45,P02,Rotation,Macro,NearHead,Macro - Near Head,2,4,1:Macro Side[Macro-Side] > 2:Macro Near[Macro-Near] > 3:Micro Near[Micro-Near] > 4:Micro Side[Micro-Side],2,4,Tape,15,4,success,0,1,12.01904,,28.41197,,,0,,,,2.335062,1.60273,0
2026-08-24_11-00-45,P02,Scaling,Macro,NearHead,Macro - Near Head,2,4,1:Macro Side[Macro-Side] > 2:Macro Near[Macro-Near] > 3:Micro Near[Micro-Near] > 4:Micro Side[Micro-Side],2,4,FireExtinguisher,16,2,success,0,1,10.06616,,,15.57457,,0,,,,1.746156,1.105749,0
2026-08-24_11-00-45,P02,Scaling,Macro,NearHead,Macro - Near Head,2,4,1:Macro Side[Macro-Side] > 2:Macro Near[Macro-Near] > 3:Micro Near[Micro-Near] > 4:Micro Side[Micro-Side],2,4,Wrench,17,3,success,0,1,16.84045,,,7.352471,13.90283,0,0,,,3.527096,2.397578,0
2026-08-24_11-00-45,P02,Scaling,Macro,NearHead,Macro - Near Head,2,4,1:Macro Side[Macro-Side] > 2:Macro Near[Macro-Near] > 3:Micro Near[Micro-Near] > 4:Micro Side[Micro-Side],2,4,Tape,18,4,success,0,1,9.274048,,,3.855705,6.366089,1,1.765319,,,1.931643,1.331019,0
2026-08-24_11-00-45,P02,Placement,Micro,NearHead,Micro - Near Head,3,4,1:Macro Side[Macro-Side] > 2:Macro Near[Macro-Near] > 3:Micro Near[Micro-Near] > 4:Micro Side[Micro-Side],2,4,FireExtinguisher,19,2,success,0,1,56.5116,13.01283,,,32.20142,2,19.53722,17.19443,10.8364,,2.475694,6
2026-08-24_11-00-45,P02,Placement,Micro,NearHead,Micro - Near Head,3,4,1:Macro Side[Macro-Side] > 2:Macro Near[Macro-Near] > 3:Micro Near[Micro-Near] > 4:Micro Side[Micro-Side],2,4,Wrench,20,3,success,0,1,47.59924,8.270791,,,39.59949,0,0,13.18224,9.196058,,1.386488,4
2026-08-24_11-00-45,P02,Placement,Micro,NearHead,Micro - Near Head,3,4,1:Macro Side[Macro-Side] > 2:Macro Near[Macro-Near] > 3:Micro Near[Micro-Near] > 4:Micro Side[Micro-Side],2,4,Tape,21,4,success,0,1,44.26257,6.491539,,,33.73035,1,2.733715,13.0663,9.33669,,1.22678,3
2026-08-24_11-00-45,P02,Rotation,Micro,NearHead,Micro - Near Head,3,4,1:Macro Side[Macro-Side] > 2:Macro Near[Macro-Near] > 3:Micro Near[Micro-Near] > 4:Micro Side[Micro-Side],2,4,FireExtinguisher,22,2,success,0,1,28.03516,,28.78525,,4.440674,5,21.68256,7.670804,3.983992,,0.578038,0
2026-08-24_11-00-45,P02,Rotation,Micro,NearHead,Micro - Near Head,3,4,1:Macro Side[Macro-Side] > 2:Macro Near[Macro-Near] > 3:Micro Near[Micro-Near] > 4:Micro Side[Micro-Side],2,4,Wrench,23,3,success,0,1,42.43384,,11.80983,,39.76929,0,0,15.67634,10.43091,,1.084998,0
2026-08-24_11-00-45,P02,Rotation,Micro,NearHead,Micro - Near Head,3,4,1:Macro Side[Macro-Side] > 2:Macro Near[Macro-Near] > 3:Micro Near[Micro-Near] > 4:Micro Side[Micro-Side],2,4,Tape,24,4,success,0,1,7.396973,,0.615483,,1.557861,0,0,1.223406,0.646733,,0.201382,0
2026-08-24_11-00-45,P02,Scaling,Micro,NearHead,Micro - Near Head,3,4,1:Macro Side[Macro-Side] > 2:Macro Near[Macro-Near] > 3:Micro Near[Micro-Near] > 4:Micro Side[Micro-Side],2,4,FireExtinguisher,25,2,success,0,1,6.294678,,,4.165828,2.637451,1,0.600382,0.711406,0.461771,,0.150484,0
2026-08-24_11-00-45,P02,Scaling,Micro,NearHead,Micro - Near Head,3,4,1:Macro Side[Macro-Side] > 2:Macro Near[Macro-Near] > 3:Micro Near[Micro-Near] > 4:Micro Side[Micro-Side],2,4,Wrench,26,3,success,0,1,8.633545,,,6.212229,7.666748,0,0,2.490986,1.858803,,0.315698,0
2026-08-24_11-00-45,P02,Scaling,Micro,NearHead,Micro - Near Head,3,4,1:Macro Side[Macro-Side] > 2:Macro Near[Macro-Near] > 3:Micro Near[Micro-Near] > 4:Micro Side[Micro-Side],2,4,Tape,27,4,success,0,1,4.065918,,,14.83145,1.500488,1,2.499992,0.739747,0.551709,,0.124169,0
2026-08-24_11-00-45,P02,Placement,Micro,SideOfBody,Micro - Side Of Body,4,4,1:Macro Side[Macro-Side] > 2:Macro Near[Macro-Near] > 3:Micro Near[Micro-Near] > 4:Micro Side[Micro-Side],2,4,FireExtinguisher,28,2,success,0,1,32.96729,5.746506,,,24.03394,0,0,9.733607,6.884247,,1.751081,1
2026-08-24_11-00-45,P02,Placement,Micro,SideOfBody,Micro - Side Of Body,4,4,1:Macro Side[Macro-Side] > 2:Macro Near[Macro-Near] > 3:Micro Near[Micro-Near] > 4:Micro Side[Micro-Side],2,4,Wrench,29,3,success,0,1,52.35303,4.28704,,,34.12109,1,6.840417,15.34302,10.23372,,1.139141,9
2026-08-24_11-00-45,P02,Placement,Micro,SideOfBody,Micro - Side Of Body,4,4,1:Macro Side[Macro-Side] > 2:Macro Near[Macro-Near] > 3:Micro Near[Micro-Near] > 4:Micro Side[Micro-Side],2,4,Tape,30,4,success,0,1,46.73706,2.450548,,,32.09937,0,0,12.23087,8.197869,,0.79565,6
2026-08-24_11-00-45,P02,Rotation,Micro,SideOfBody,Micro - Side Of Body,4,4,1:Macro Side[Macro-Side] > 2:Macro Near[Macro-Near] > 3:Micro Near[Micro-Near] > 4:Micro Side[Micro-Side],2,4,FireExtinguisher,31,2,success,0,1,33.90039,,13.61123,,3.23291,4,18.93442,11.20287,7.023691,,0.577791,1
2026-08-24_11-00-45,P02,Rotation,Micro,SideOfBody,Micro - Side Of Body,4,4,1:Macro Side[Macro-Side] > 2:Macro Near[Macro-Near] > 3:Micro Near[Micro-Near] > 4:Micro Side[Micro-Side],2,4,Wrench,32,3,success,0,1,12.36792,,22.92634,,,0,,3.325805,2.578061,,0.288968,0
2026-08-24_11-00-45,P02,Rotation,Micro,SideOfBody,Micro - Side Of Body,4,4,1:Macro Side[Macro-Side] > 2:Macro Near[Macro-Near] > 3:Micro Near[Micro-Near] > 4:Micro Side[Micro-Side],2,4,Tape,33,4,success,0,1,22.99536,,179.4847,,,0,,7.630581,5.505982,,0.357775,1
2026-08-24_11-00-45,P02,Scaling,Micro,SideOfBody,Micro - Side Of Body,4,4,1:Macro Side[Macro-Side] > 2:Macro Near[Macro-Near] > 3:Micro Near[Micro-Near] > 4:Micro Side[Micro-Side],2,4,FireExtinguisher,34,2,success,0,1,6.633545,,,5.92581,4.033691,1,0.701706,1.169367,0.887011,,0.195828,0
2026-08-24_11-00-45,P02,Scaling,Micro,SideOfBody,Micro - Side Of Body,4,4,1:Macro Side[Macro-Side] > 2:Macro Near[Macro-Near] > 3:Micro Near[Micro-Near] > 4:Micro Side[Micro-Side],2,4,Wrench,35,3,success,0,1,7.698975,,,15.6065,2.933838,4,4.132619,2.822601,2.203183,,0.292177,0
2026-08-24_11-00-45,P02,Scaling,Micro,SideOfBody,Micro - Side Of Body,4,4,1:Macro Side[Macro-Side] > 2:Macro Near[Macro-Near] > 3:Micro Near[Micro-Near] > 4:Micro Side[Micro-Side],2,4,Tape,36,4,success,0,1,3.299561,,,1.990551,2.267822,0,0,0.531773,0.406708,,0.109807,0
